Genus_sp,plantFamily,plantMean,plantMeanProp,plantMeanPropLogit,plantGini,plantGiniAdj,plantGiniAdjLogit
Abronia_latifolia,Nyctaginaceae,6.25,0.0625,-2.70805020110221,0.510870056497177,0.510870056497177,0.04348707798805797
Abutilon_theophrasti,Malvaceae,2.14035087719298,0.0214035087719298,-3.822564523454179,0.484484777517566,0.484484777517566,-0.06208082068503642
Acacia_dealbata,Fabaceae,6.26666666666666,0.0626666666666666,-2.7052092901006075,0.760097367472054,0.760097367472054,1.153213396944998
Acacia_implexa,Fabaceae,4.82666666666667,0.0482666666666667,-2.981543692224334,0.438202312950652,0.438202312950652,-0.24846109217947093
Acacia_longifolia,Fabaceae,26.8333333333333,0.268333333333333,-1.0030950480907102,0.326560690599011,0.326560690599011,-0.7237820657136508
Acacia_suaveolens,Fabaceae,13.4044871794872,0.134044871794872,-1.8656584841771011,0.528390296567618,0.528390296567618,0.11368346467077192
Acer_campestre,Sapindaceae,6.69444444444444,0.0669444444444444,-2.6346016561216383,0.5249354106318,0.5249354106318,0.09982445524735035
Acer_platanoides,Sapindaceae,1.93333333333333,0.0193333333333333,-3.926401890614965,0.762711864406782,0.762711864406782,1.1676051601550739
Acer_saccharum,Sapindaceae,2.98333333333333,0.0298333333333333,-3.4818415414309816,0.92538585361235,0.92538585361235,2.517880670480996
Achillea_ptarmica,Asteraceae,0.541666666666666,0.00541666666666666,-5.212843268877295,0.928031290743158,0.928031290743158,2.556834019793086
Achyranthes_aspera,Amaranthaceae,3.46666666666667,0.0346666666666667,-3.3266948543642334,0.55712190352021,0.55712190352021,0.22948951835848957
Adesmia_boronioides,Fabaceae,0.0862068965517241,8.62068965517241e-4,-7.0553128433397525,1,0.99,4.595119850134589
Adiantum_pedatum,Pteridaceae,2.23943661971831,0.0223943661971831,-3.7762969331193523,0.638095238095237,0.638095238095237,0.5671064596645757
Aesculus_parviflora,Sapindaceae,23.0816326530612,0.230816326530612,-1.2037075171510163,0.343501326259948,0.343501326259948,-0.6477297008691478
Ageratina_altissima,Asteraceae,14.099999999999984,0.14099999999999985,-1.8070090316060885,0.347590029669374,0.347590029669374,-0.6296494435372888
Ageratina_havanensis,Asteraceae,1.91666666666667,0.0191666666666667,-3.9352298913311254,0.751658069270452,0.751658069270452,1.107474975925968
Ageratum_conyzoides,Asteraceae,4.84975253237334,0.0484975253237334,-2.9765295151599203,0.537988208070745,0.537988208070745,0.15224622742505056
Ageratum_fastigiatum,Asteraceae,0.961666666666667,0.00961666666666667,-4.634594369285181,0.416355785330319,0.416355785330319,-0.33775142778288175
Agrimonia_eupatoria,Rosaceae,1.3,0.013,-4.329720681971945,0.730986527596699,0.730986527596699,0.999633567848307
Ailanthus_altissima,Simaroubaceae,3.2822800925926,0.032822800925926,-3.3832583007985924,0.721987136911136,0.721987136911136,0.9543399400975309
Alcea_rosea,Malvaceae,4.3,0.043,-3.102603275759392,0.354881093154645,0.354881093154645,-0.5976518669959489
Alliaria_petiolata,Brassicaceae,3.30833333333333,0.0330833333333333,-3.3750826836603562,0.510737309482134,0.510737309482134,0.04295584190217788
Alnus_acuminata,Betulaceae,18.9083333333333,0.189083333333333,-1.4559774600421493,0.621097922627008,0.621097922627008,0.4942109542407891
Alnus_hirsuta,Betulaceae,11.4886079466307,0.114886079466307,-2.0417753364454985,0.386792752355648,0.386792752355648,-0.4608139403517121
Alsophila_setosa,Cyatheaceae,2.41666666666667,0.0241666666666667,-3.6983175336112417,0.0338983050847458,0.0338983050847458,-3.3499040872746035
Alstroemeria_aurea,Alstroemeriaceae,7.33333333333333,0.0733333333333333,-2.5365786603323217,0.655392912172575,0.655392912172575,0.6428300295430442
Alstroemeria_pulchra,Alstroemeriaceae,8.64166666666667,0.0864166666666667,-2.358194037445012,0.330892568197049,0.330892568197049,-0.7041508775772136
Alternanthera_brasiliana,Amaranthaceae,17.55,0.1755,-1.5471380990937331,0.5570750749233615,0.5570750749233615,0.22929972893661024
Alternanthera_ficoidea,Amaranthaceae,6.54,0.0654,-2.6595963718031728,0.471241728433458,0.471241728433458,-0.11516018765046279
Alternanthera_sessilis,Amaranthaceae,32.7666666666667,0.327666666666667,-0.7187574178070437,0.383295687707986,0.383295687707986,-0.4755829526134975
Amaranthus_sp,Amaranthaceae,20.0793650793651,0.200793650793651,-1.381341403991041,0.312813974244548,0.312813974244548,-0.7869963530478046
Ammophila_breviligulata,Poaceae,1.08333333333333,0.0108333333333333,-4.514235037148135,0.885528031290746,0.885528031290746,2.0458541343560945
Amorpha_canescens,Fabaceae,3.14166666666667,0.0314166666666667,-3.428495985195696,0.539450613676214,0.539450613676214,0.15813114464497838
Amorphophallus_commutatus,Araceae,18.9827586206897,0.189827586206897,-1.451130862380133,0.389358955973039,0.389358955973039,-0.4500076130853884
Amsinckia_menziesii,Boraginaceae,20.2988095238095,0.202988095238095,-1.3677222824698265,0.458088347122145,0.458088347122145,-0.16804092292455558
Andropogon_virginicus,Poaceae,1.975,0.01975,-3.9046541498253102,0.65000357577058,0.65000357577058,0.6190549261161596
Anemone_coronaria,Ranunculaceae,5.185621928253193,0.051856219282531923,-2.9060312831059556,0.7101966400481773,0.7101966400481773,0.8963392656479329
Antennaria_neglecta,Asteraceae,0.12491666666666651,0.001249166666666665,-6.684028669129935,0.9414980744047975,0.9414980744047975,2.778412632999871
Anthemis_galilae,Asteraceae,8.72101587298,0.0872101587298,-2.3481848459658905,0.405292652312092,0.405292652312092,-0.3834600274615372
Aotus_genistoides,Fabaceae,38.760475346569,0.38760475346569,-0.4573917579410436,0.519660288623215,0.519660288623215,0.07868172136595956
Apocynum_cannabinum,Apocynaceae,9.568682795698908,0.09568682795698907,-2.2460950795676666,0.4296314101962605,0.4296314101962605,-0.28335514511598486
Arabidopsis_halleri,Brassicaceae,10.319172917621117,0.10319172917621117,-2.162253388116659,0.5331200572528673,0.5331200572528673,0.13267450422474378
Aralia_nudicaulis,Araliaceae,5.645833333333335,0.056458333333333346,-2.8161376226765125,0.6797314877799595,0.6797314877799595,0.7525381046430533
Arctium_minus,Asteraceae,3.760201688555345,0.03760201688555345,-3.242370379444555,0.5375172206737641,0.5375172206737641,0.15035147558135226
Arctostaphylos_pungens,Ericaceae,7.46,0.0746,-2.518085569263184,0.472123433823932,0.472123433823932,-0.11162201645865809
Argemone_mexicana,Papaveraceae,1.75833333333333,0.0175833333333333,-4.023064038816063,0.652502209012774,0.652502209012774,0.6300562165379581
Arisaema_triphyllum,Araceae,4.04166666666667,0.0404166666666667,-3.1672569213173016,0.876638126856547,0.876638126856547,1.9609721869910404
Aristolochia_chilensis,Aristolochiaceae,0.929577464788732,0.00929577464788732,-4.668856071007503,0.74103896103896,0.74103896103896,1.0513755812516565
Aristotelia_chilensis,Elaeocarpaceae,10.325,0.10325,-2.16162388457125,0.427668568145444,0.427668568145444,-0.29136972778852294
Arnica_cordifolia,Asteraceae,29.9083333333333,0.299083333333333,-0.8516667608148317,0.357443412309742,0.357443412309742,-0.5864778247573129
Artemisia_ludoviciana,Asteraceae,0.645454545454546,0.00645454545454546,-5.036495208635357,0.87085590465872,0.87085590465872,1.9085477273838374
Artemisia_mongolica,Asteraceae,0.75,0.0075,-4.885323992019081,0.558192090395482,0.558192090395482,0.2338279572025639
Asarum_canadense,Aristolochiaceae,6.49206349206349,0.0649206349206349,-2.6674658854788857,0.632818045587189,0.632818045587189,0.5443254193108197
Asclepias_asperula,Apocynaceae,4.7,0.047,-3.0094673019441434,0.685178507032097,0.685178507032097,0.7776736093149381
Asclepias_cryptoceras,Apocynaceae,0.29,0.0029,-5.840140328842319,0.732095490716181,0.732095490716181,1.0052803488758935
Asclepias_curassavica,Apocynaceae,3.35,0.0335,-3.3621358598173647,0.455097394384014,0.455097394384014,-0.18009562376579336
Asclepias_incarnata,Apocynaceae,0.593333333333333,0.00593333333333333,-5.121218104858768,0.725861740620837,0.725861740620837,0.9737269813761122
Asclepias_speciosa,Apocynaceae,8.92777777777776,0.0892777777777776,-2.322485327688946,0.725680484956962,0.725680484956962,0.9728162742839936
Asclepias_syriaca,Apocynaceae,1.8110877684407087,0.018110877684407087,-3.992965657117592,0.7457776472289394,0.7457776472289394,1.0762182070743536
Asclepias_tuberosa,Apocynaceae,3.15254237288136,0.0315254237288136,-3.4249279090775158,0.674082313681867,0.674082313681867,0.7267073770522393
Asclepias_verticillata,Apocynaceae,4.15833333333334,0.0415833333333334,-3.137583171341061,0.824929921481758,0.824929921481758,1.5501120966272788
Asplenium_claussenii,Aspleniaceae,1.70833333333333,0.0170833333333333,-4.052421012703369,0.322033898305085,0.322033898305085,-0.7444404749474948
Asplenium_platyneuron,Aspleniaceae,12.3722125605529,0.123722125605529,-1.9576451204047165,0.509622674230406,0.509622674230406,0.038495450083508326
Aster_oblongifolius,Asteraceae,2.49583333333333,0.0249583333333333,-3.665272437359964,0.432443903681278,0.432443903681278,-0.271886977120312
Astragalus_alpinus,Fabaceae,3.284058790276995,0.03284058790276995,-3.382698147629989,0.6723515733191154,0.6723515733191154,0.7188402146516046
Astragalus_australis,Fabaceae,0.513333333333334,0.00513333333333334,-5.266853504077783,0.822804314329741,0.822804314329741,1.5354637105969648
Azadirachta_indica,Meliaceae,5.1896222222,0.051896222222,-2.9052179685278365,0.242704275747102,0.242704275747102,-1.1379101000681497
Baccharis_dracunculifolia,Asteraceae,1.515,0.01515,-4.174488813356326,0.580205478174938,0.580205478174938,0.32361695570243065
Baccharis_serrulata,Asteraceae,3.1995,0.031995,-3.4096576119610695,0.419383148673479,0.419383148673479,-0.3253061371006126
Balsamorhiza_sagittata,Asteraceae,9.28333333333333,0.09283333333333331,-2.2795204185069164,0.46106527878120535,0.46106527878120535,-0.1560548171289319
Barbarea_vulgaris,Brassicaceae,14.4310344827586,0.144310344827586,-1.779941605097967,0.423379236622021,0.423379236622021,-0.3089164767052296
Bauhinia_racemosa,Fabaceae,1.06666666666667,0.0106666666666667,-4.5299077014875415,0.439883474576272,0.439883474576272,-0.2416349818670799
Berberis_microphylla,Berberidaceae,4.45833333333333,0.0445833333333333,-3.064787448395999,0.440012672263585,0.440012672263585,-0.2411106273344039
Betula_alleghaniensis,Betulaceae,1.81666666666667,0.0181666666666667,-3.989833159292542,0.781060488259993,0.781060488259993,1.2718571070320703
Betula_pubescens,Betulaceae,3.74166666666667,0.0374166666666667,-3.247504404546425,0.370276697746405,0.370276697746405,-0.5310299622372392
Bidens_frondosa,Asteraceae,16.4,0.164,-1.628762185260503,0.371021083092188,0.371021083092188,-0.5278388489745869
Bidens_reptans,Asteraceae,4.95,0.0495,-2.955015492353839,0.59675854591109,0.59675854591109,0.39197706167950547
Bistorta_bistortoides,Polygonaceae,4.66666666666667,0.0466666666666667,-3.016934481204593,0.850968523002424,0.850968523002424,1.742217600991473
Bistorta_vivipara,Polygonaceae,4.76048306370887,0.0476048306370887,-2.996045802471667,0.6971505460570124,0.6971505460570124,0.833765548546831
Blechnum_occidentale,Blechnaceae,2.65833333333333,0.0265833333333334,-3.600527766370849,0.564422719302908,0.564422719302908,0.25913123971573737
Bocconia_frutescens,Papaveraceae,1.41666666666667,0.0141666666666667,-4.242595519922168,0.711665004985047,0.711665004985047,0.9034843207714608
Bomarea_chiriquina,Alstroemeriaceae,2.19166666666667,0.0219166666666667,-3.7983474919223577,0.776889862731201,0.776889862731201,1.2476330548791337
Bouteloua_gracilis,Poaceae,6.39166666666666,0.0639166666666666,-2.6841243522743143,0.784721454931167,0.784721454931167,1.2933960722555282
Brachychiton_populneus,Malvaceae,2.20214932126029,0.022021493212603,-3.793468752444716,0.578347027897653,0.578347027897653,0.31599144805595564
Brasenia_schreberi,Cabombaceae,3.21323529411765,0.0321323529411765,-3.4052319473298165,0.511390416339354,0.511390416339354,0.04556954946938246
Bridelia_crenulata,Phyllanthaceae,4.86046511627907,0.0486046511627907,-2.9742104659645876,0.214627477785373,0.214627477785373,-1.2972542919404997
Buxus_sempervirens,Buxaceae,1.249373433583959,0.01249373433583959,-4.369955576225438,0.5367760617760615,0.5367760617760615,0.14737038532931734
Byrsonima_intermedia,Malpighiaceae,0.738466666666667,0.00738466666666667,-4.900937432253308,0.392479913333936,0.392479913333936,-0.4368998794453286
Byrsonima_verbascifolia,Malpighiaceae,4.49218333333333,0.0449218333333333,-3.0568692447088326,0.360306531200557,0.360306531200557,-0.5740339619096727
Calotropis_procera,Apocynaceae,10.88271276595745,0.1088271276595745,-2.1027777907859475,0.5569912813255115,0.5569912813255115,0.22896013605602494
Campanula_persicifolia,Campanulaceae,1.07258064516129,0.0107258064516129,-4.524318880810998,0.952668556637494,0.952668556637494,3.0020922145191125
Campanula_rotundifolia,Campanulaceae,1.66666666666667,0.0166666666666667,-4.077537443905717,0.870034843205576,0.870034843205576,1.9012668706359672
Campyloneurum_nitidum,Polypodiaceae,3.04166666666667,0.0304166666666667,-3.4618757221538994,0.335500348270259,0.335500348270259,-0.683411359569858
Canna_indica,Cannaceae,22.5,0.225,-1.2367626271489267,0.266381766381767,0.266381766381767,-1.0130582838091462
Capparis_erythrocarpos,Capparaceae,5.15741354123333,0.0515741354123333,-2.9117833305126894,0.470750428938018,0.470750428938018,-0.11713202083383137
Carex_leucochlora,Cyperaceae,0.375,0.00375,-5.582242390122105,0.901318267419965,0.901318267419965,2.2119585841473066
Carpinus_caroliniana,Betulaceae,18.1666666666667,0.181666666666667,-1.5050962455653747,0.453428704711555,0.453428704711555,-0.18682671111621005
Castanea_sativa,Fagaceae,3.7375,0.037375000000000026,-3.248661896148563,0.3351167033726645,0.3351167033726645,-0.685132692025998
Castilleja_sulphurea,Orobanchaceae,1.00833333333333,0.0100833333333333,-4.586736868692802,0.539431292898166,0.539431292898166,0.15805337763884258
Catalpa_speciosa,Bignoniaceae,4.977521929824553,0.04977521929824552,-2.9491813121400363,0.6803467938915073,0.6803467938915073,0.7553659819640018
Cecropia_pachystachya,Urticaceae,8.95109161417896,0.0895109161417896,-2.319621324015043,0.383072869792787,0.383072869792787,-0.4765256818997764
Celmisia_discolor,Asteraceae,2.375,0.02375,-3.7161361706732454,0.603210153042181,0.603210153042181,0.4188588607390971
Celmisia_spectabilis,Asteraceae,1.04166666666667,0.0104166666666667,-4.553876891600537,0.751864406779663,0.751864406779663,1.1085806539490115
Centaurea_stoebe,Asteraceae,1.490314534045215,0.01490314534045215,-4.191167678593366,0.7153878429515645,0.7153878429515645,0.9216974323159698
Cephalanthus_occidentalis,Rubiaceae,4.0625,0.040625,-3.16189839012566,0.617887667887668,0.617887667887668,0.48059204526420035
Cercis_canadensis,Fabaceae,4.65,0.0465,-3.0206871124471633,0.647530526699474,0.647530526699474,0.6082019200077984
Chamaecrista_fasciculata,Fabaceae,18.5274431658488,0.185274431658488,-1.481013190298294,0.435877007200935,0.435877007200935,-0.25791219008519034
Chamaedorea_woodsoniana,Arecaceae,4.48333333333334,0.0448333333333334,-3.0589339349498967,0.735366391531727,0.735366391531727,1.0220226071409066
Chamaenerion_angustifolium,Onagraceae,2.75,0.0275,-3.5656840708200757,0.417770929635338,0.417770929635338,-0.3319306949033399
Chamerion_latifolium,Onagraceae,0.025,2.5e-4,-8.293799608846818,0.966101694915258,0.966101694915258,3.3499040872747194
Chaptalia_integerrima,Asteraceae,1.95737704918033,0.0195737704918033,-3.913796975401171,0.639447236180906,0.639447236180906,0.5729658007909082
Chenopodium_album,Amaranthaceae,8.441666666666649,0.0844166666666665,-2.3837965304521997,0.6986246323630245,0.6986246323630245,0.840757034994254
Chimaphila_umbellata,Ericaceae,2.00757575757576,0.0200757575757576,-3.887962268633906,0.767314949201741,0.767314949201741,1.1932115159931025
Chromolaena_odorata,Asteraceae,15.0666666666667,0.150666666666667,-1.7293818368598202,0.4932555578098895,0.4932555578098895,-0.026979405140781038
Circaea_lutetiana,Onagraceae,8.20763888888889,0.0820763888888889,-2.4144637894246506,0.4340369532114015,0.4340369532114015,-0.2653991115883283
Cirsium_arvense,Asteraceae,3.6,0.036,-3.2875723561544357,0.425298179535469,0.425298179535469,-0.301060811360704
Cissus_vitiginea,Vitaceae,4.775,0.04775,-2.992848538431974,0.373204456974091,0.373204456974091,-0.5184939882862521
Cistanthe_sp,Montiaceae,2.49833333333333,0.0249833333333333,-3.6642456289883447,0.78252168112075,0.78252168112075,1.2804224672867848
Cistus_monspeliensis,Cistaceae,6.10833333333334,0.0610833333333334,-2.7324876762775134,0.556824750849772,0.556824750849772,0.2282852718959874
Cistus_salviifolius,Cistaceae,0.025,2.5e-4,-8.293799608846818,0.966101694915258,0.966101694915258,3.3499040872747194
Claytonia_virginica,Montiaceae,1.225,0.01225,-4.389903692300764,0.9549534099354,0.9549534099354,3.0539652649329145
Clidemia_heterophylla,Melastomataceae,19.15,0.1915,-1.4402928703964608,0.297237096369726,0.297237096369726,-0.8604894466381615
Clintonia_borealis,Liliaceae,2.01666666666667,0.0201666666666667,-3.883351412805512,0.830368398935428,0.830368398935428,1.588240423422851
Coccoloba_cereifera,Polygonaceae,5.55739125704045,0.055573912570404504,-2.8328635353395217,0.3806898167223785,0.3806898167223785,-0.48662133680922
Coccoloba_uvifera,Polygonaceae,12.0047425474255,0.12004742547425501,-1.9919811364439146,0.40946636603813,0.40946636603813,-0.3661718267576075
Coffea_arabica,Rubiaceae,5.56666666666667,0.0556666666666667,-2.8310976874137608,0.486197097330764,0.486197097330764,-0.05522564232385944
Combretum_hispidium,Combretaceae,1.55833333333333,0.0155833333333333,-4.145847282093936,0.658297833771415,0.658297833771415,0.6557179651641207
Conoclinium_coelestinum,Asteraceae,10.5172413793103,0.105172413793103,-2.141030018992582,0.397584124245039,0.397584124245039,-0.4155414852892536
Coprosma_lucida,Rubiaceae,2.85833333333333,0.0285833333333333,-3.5259316897538935,0.833769827543611,0.833769827543611,1.6125839691055184
Cordiera_elliptica,Rubiaceae,1.87330394229573,0.0187330394229573,-3.958555774669263,0.392628628687051,0.392628628687051,-0.43627621839621283
Cordyline_australis,Asparagaceae,1.16666666666667,0.0116666666666667,-4.43928424994241,0.853753026634386,0.853753026634386,1.7643451650230282
Cornus_disciflora,Cornaceae,3.89166666666667,0.0389166666666667,-3.2066385125570407,0.679454142924547,0.679454142924547,0.7512643988913988
Cornus_florida,Cornaceae,6.71052631578947,0.0671052631578947,-2.6320298938078026,0.471224165341812,0.471224165341812,-0.11523067333689713
Cornus_suecica,Cornaceae,3.19642857142857,0.0319642857142857,-3.4106497734195838,0.8260030472321,0.8260030472321,1.557560676424135
Corylus_avellana,Betulaceae,0.1,0.001,-6.906754778648554,0.813559322033901,0.813559322033901,1.4733057381095382
Crinum_asiaticum,Amaryllidaceae,1.04166666666667,0.0104166666666667,-4.553876891600537,0.820745762711867,0.820745762711867,1.5214082754800737
Crotalaria_juncea,Fabaceae,9.65,0.0965,-2.236733101687343,0.294575685723487,0.294575685723487,-0.8732635185498828
Crotalaria_pallida,Fabaceae,3.45,0.0345,-3.331686777831255,0.776385818390242,0.776385818390242,1.2447274219883706
Crotalaria_vitellina,Fabaceae,8.42372881355933,0.0842372881355933,-2.3861196077474363,0.632796780684103,0.632796780684103,0.5442339031179423
Croton_capitatus,Euphorbiaceae,6.6920398363021345,0.06692039836302136,-2.6349866862213673,0.5913689179131745,0.5913689179131745,0.3696273000366666
Cryptantha_cinerea,Boraginaceae,8.94166666666667,0.0894166666666667,-2.3207783269400464,0.790576081633945,0.790576081633945,1.3284013817224614
Ctenitis_submarginalis,Dryopteridaceae,2.25,0.0225,-3.7714829826491467,0.199623352165725,0.199623352165725,-1.38865007481235
Cucurbita_foetidissima,Cucurbitaceae,3.21052631578947,0.0321052631578947,-3.406103360431011,0.505981391227292,0.505981391227292,0.02392670632173295
Cullen_corylifolium,Fabaceae,24.725,0.24725,-1.1133331968590219,0.356172130726124,0.356172130726124,-0.5920172793686904
Cyperus_esculentus,Cyperaceae,49.8333333333333,0.498333333333333,-0.006666691358190463,0.268805623263988,0.268805623263988,-1.000690801339782
Cypripedium_acaule,Orchidaceae,2.41666666666666,0.0241666666666666,-3.698317533611246,0.84523670368206,0.84523670368206,1.6977198816780197
Dalbergia_miscolobium,Fabaceae,1.62666666666667,0.0162666666666667,-4.102236833423363,0.355880105584886,0.355880105584886,-0.5932909881653522
Danaea_geniculata,Marattiaceae,2.65833333333333,0.0265833333333334,-3.600527766370849,0.455820625896606,0.455820625896606,-0.17717955644952582
Datura_wrightii,Solanaceae,5.125,0.05125,-2.9184297106913224,0.56443346711948,0.56443346711948,0.25917495685781583
Desmodium_gangeticum,Fabaceae,7.72321428571429,0.0772321428571429,-2.480561965183989,0.48847083552286,0.48847083552286,-0.04612483371890309
Desmodium_glutinosum,Fabaceae,3.92424242424243,0.0392424242424243,-3.1979637020004925,0.499851499851499,0.499851499851499,-5.940006114694195e-4
Desmodium_incanum,Fabaceae,25.0909090909091,0.250909090909091,-1.0937696641923211,0.39170692431562,0.39170692431562,-0.44014288008673447
Desmodium_procumbens,Fabaceae,5.875,0.05875,-2.773917626089835,0.853299675441762,0.853299675441762,1.7607189076451748
Digitalis_purpurea,Plantaginaceae,5.15166666666666,0.0515166666666666,-2.9129588377063844,0.67415514698222,0.67415514698222,0.7270389157272164
Dioscorea_racemosa,Dioscoreaceae,8.55833333333333,0.0855833333333333,-2.3687957790622414,0.797864439786776,0.797864439786776,1.3730001455801404
Diospyros_texana,Ebenaceae,3.38333333333333,0.0338333333333333,-3.351889842297947,0.698839442264342,0.698839442264342,0.8417774825799917
Diplazium_cristatum,Athyriaceae,0.891666666666667,0.00891666666666667,-4.710876436265338,0.613179154126408,0.613179154126408,0.46069549590700726
Diplotaxis_erucoides,Brassicaceae,1.39166666666667,0.0139166666666667,-4.260653704967801,0.558510098447175,0.558510098447175,0.23511755297703538
Diplusodon_orbicularis,Lythraceae,3.2075,0.032075,-3.407077694434355,0.392578305613169,0.392578305613169,-0.43648724670698763
Doryanthes_excelsa,Doryanthaceae,0.575,0.00575,-5.152788829278541,0.210022107590273,0.210022107590273,-1.3247921613620948
Draba_asterophora,Brassicaceae,0.05,5e-4,-7.6004023345004,0.94350282485876,0.94350282485876,2.815408719422765
Drosera_capillaris,Droseraceae,0.608333333333333,0.00608333333333333,-5.096100575430278,0.950777803575578,0.950777803575578,2.960935721615228
Dudleya_farinosa,Crassulaceae,3.15,0.0315,-3.4257609370154634,0.650434938570534,0.650434938570534,0.620951575295916
Echinacea_angustifolia,Asteraceae,5.425,0.05425,-2.85837527109257,0.611445234189905,0.611445234189905,0.45339126412005387
Echinacea_purpurea,Asteraceae,3.69128780184018,0.0369128780184018,-3.2615833891038895,0.6130235340660282,0.6130235340660282,0.4600394471835531
Elymus_hystrix,Poaceae,9.48333333333334,0.0948333333333334,-2.2559981239085136,0.507402222156029,0.507402222156029,0.02961105205083594
Emilia_praetermissa,Asteraceae,4.15833333333333,0.0415833333333333,-3.137583171341064,0.678068000407597,0.678068000407597,0.7449072366451297
Encelia_canescens,Asteraceae,0.888333333333334,0.00888333333333334,-4.714655391659547,0.662416128724523,0.662416128724523,0.6740799647718823
Enemion_biternatum,Ranunculaceae,1.11538461538462,0.0111538461538462,-4.484754377279411,0.938294010889293,0.938294010889293,2.7216823498922813
Epilobium_angustifolium,Onagraceae,21.0192307692308,0.210192307692308,-1.3237666257800182,0.648816891807044,0.648816891807044,0.6138427747194277
Erica_multiflora,Ericaceae,1.05833333333333,0.0105833333333333,-4.537835107207204,0.823568664086483,0.823568664086483,1.5407151579094511
Erigeron_canadensis,Asteraceae,0.0833333333333333,8.33333333333333e-4,-7.089243155027515,0.918644067796613,0.918644067796613,2.4240649905317935
Erigeron_glacialis,Asteraceae,1.262499999999998,0.01262499999999998,-4.359370931323161,0.743664321563813,0.743664321563813,1.0651019228852492
Erigeron_strigosus,Asteraceae,7.98305084745762,0.0798305084745762,-2.444652139889034,0.352514825389852,0.352514825389852,-0.6080032177451147
Eriodictyon_californicum,Boraginaceae,15.5666666666667,0.155666666666667,-1.6908303923327752,0.494174862991327,0.494174862991327,-0.02330160230634948
Erodium_crassifolium,Geraniaceae,4.98333333333333,0.0498333333333333,-2.947953303640896,0.572133099030669,0.572133099030669,0.2905594867504261
Erythrochiton_brasiliensis,Rutaceae,7.66980647533176,0.0766980647533176,-2.488079828110062,0.422645584332505,0.422645584332505,-0.3119223507870878
Eschscholzia_californica,Papaveraceae,1.77586206896552,0.0177586206896552,-4.012966011250758,0.88485777550673,0.88485777550673,2.039258827490383
Euphorbia_corollata,Euphorbiaceae,0.241666666666667,0.00241666666666667,-6.022946507264894,0.842197545295152,0.842197545295152,1.6746706370011697
Euphorbia_esula,Euphorbiaceae,4.06666666666667,0.0406666666666667,-3.160829842714056,0.734370658516257,0.734370658516257,1.016912001552901
Eurybia_macrophylla,Asteraceae,9.95000000000001,0.0995000000000001,-2.2027925204514625,0.564403940606991,0.564403940606991,0.25905485726536415
Fagus_grandifolia,Fagaceae,5.01186881063641,0.0501186881063641,-2.9419430873080707,0.5987463102412847,0.5987463102412847,0.4002441162075738
Fagus_sylvatica,Fagaceae,17.938594244331803,0.17938594244331801,-1.5205133228668193,0.1981104417767535,0.1981104417767535,-1.398146228492231
Flourensia_thurifera,Asteraceae,0.698305084745763,0.00698305084745763,-4.957261827088671,0.513307666555071,0.513307666555071,0.05324324067321496
Fouquieria_splendens,Fouquieriaceae,8.1515,0.081515,-2.421938521155796,0.489905674010296,0.489905674010296,-0.04038279098370049
Fragaria_vesca,Rosaceae,2.69166666666667,0.0269166666666667,-3.587724050853057,0.735425303038256,0.735425303038256,1.0223253558510357
Frasera_speciosa,Gentianaceae,9.875,0.09875,-2.2111912848179274,0.431023385539585,0.431023385539585,-0.27767698649081346
Fraxinus_nigra,Oleaceae,5.05172413793104,0.0505172413793104,-2.933602680245413,0.53320160469433,0.53320160469433,0.13300213509631184
Galium_album,Rubiaceae,7.7,0.077,-2.4838238126491685,0.449482720669163,0.449482720669163,-0.20276093215300162
Galium_circaezans,Rubiaceae,6.34166666666667,0.0634166666666666,-2.6925117936565823,0.550457693935278,0.550457693935278,0.20252013542017017
Galium_verum,Rubiaceae,0.00833333333333332,8.33333333333332e-5,-9.39257859196439,1,0.99,4.595119850134589
Gavilea_lutea,Orchidaceae,4.41666666666667,0.0441666666666667,-3.074613203577248,0.840102334505919,0.840102334505919,1.6589896912633686
Gentianella_bellidifolia,Gentianaceae,0.144067796610169,0.00144067796610169,-6.541199749657128,0.977687626774845,0.977687626774845,3.780048841252098
Geranium_palustre,Geraniaceae,5.35,0.0535,-2.8730893167474165,0.593114736786527,0.593114736786527,0.37685662845547413
Geranium_pratense,Geraniaceae,4.19267023685127,0.0419267023685127,-3.129001374163984,0.693682927297267,0.693682927297267,0.8173942282273957
Geranium_sylvaticum,Geraniaceae,2.7,0.027,-3.584547216181676,0.741358024691359,0.741358024691359,1.053038902157851
Geum_rossii,Rosaceae,1.36666666666667,0.0136666666666667,-4.279034585695899,0.981810665564286,0.981810665564286,3.9885630825506606
Ginkgo_biloba,Ginkgoaceae,0.650000000000001,0.00650000000000001,-5.029431885090278,0.958713602781403,0.958713602781403,3.1450593082129994
Glycine_max,Fabaceae,2.92424242424243,0.0292424242424243,-3.502456232734134,0.639457951375049,0.639457951375049,0.5730122768521516
Gomphocarpus_fructicosus,Apocynaceae,0.0302751742366666,3.02751742366666e-4,-8.10229462283321,0.969552742842228,0.969552742842228,3.4608389621311653
Goodyera_ovatilabia,Orchidaceae,1.00833333333333,0.0100833333333333,-4.586736868692802,0.905308866788069,0.905308866788069,2.2576558092199712
Gossypium_hirsutum,Malvaceae,5.535271960743657,0.05535271960743657,-2.8370858168774924,0.439394509570338,0.439394509570338,-0.24361976794382328
Grindelia_squarrosa,Asteraceae,7.472222222222227,0.07472222222222227,-2.51631645859184,0.7049768749723601,0.7049768749723601,0.8711112576249503
Griselinia_littoralis,Griseliniaceae,0.753333333333333,0.00753333333333333,-4.880855809164717,0.265936703164843,0.265936703164843,-1.0153369379284027
Gunnera_tinctoria,Gunneraceae,19.949999999999996,0.19949999999999996,-1.3894222961068514,0.4798241733922455,0.4798241733922455,-0.08074715115199667
Hampea_appendiculata,Malvaceae,81.3636391371969,0.813636391371969,1.4738139220501105,0.135749997553635,0.135749997553635,-1.851047140839416
Handroanthus_ochraceus,Bignoniaceae,2.23083333333333,0.0223083333333333,-3.780234050331725,0.495704146432575,0.495704146432575,-0.017183837100262802
Hebe_salicifolia,Plantaginaceae,0.816666666666667,0.00816666666666667,-4.799494253534225,0.617018332756833,0.617018332756833,0.47691161436870816
Hedysarum_boreale,Fabaceae,0.215,0.00215,-6.1401351222744225,0.787412954933651,0.787412954933651,1.3094013028397624
Helianthella_quinquenervis,Asteraceae,6.308333333333343,0.06308333333333344,-2.698137738312309,0.3616452136689657,0.3616452136689657,-0.5682305617084126
Helianthus_annuus,Asteraceae,7.9666666666666845,0.07966666666666686,-2.446884659998641,0.5440157315237221,0.5440157315237221,0.17651985471620188
Helianthus_occidentalis,Asteraceae,0.900000000000001,0.00900000000000001,-4.701489956993767,0.718769617074704,0.718769617074704,0.9383666835733655
Heliconia_schiedeana,Heliconiaceae,43.25,0.4325,-0.2716584229836237,0.252264785604651,0.252264785604651,-1.0865696514540704
Heliotropium_indicum,Boraginaceae,4.16666666666666,0.0416666666666666,-3.1354942159291515,0.524881355932205,0.524881355932205,0.09960769852137247
Hepatica_nobilis,Ranunculaceae,4.95,0.0495,-2.955015492353839,0.752268447183704,0.752268447183704,1.1107475263130855
Heracleum_maximum,Apiaceae,4.01666666666667,0.0401666666666667,-3.1737221940160167,0.451789858639849,0.451789858639849,-0.1934415258652756
Heracleum_sphondylium,Apiaceae,3.76666666666667,0.0376666666666667,-3.2405853609505937,0.588495575221241,0.588495575221241,0.35774963506850627
Hesperoyucca_whipplei,Asparagaceae,3.71186440677966,0.0371186440677966,-3.255810822740626,0.521571406077782,0.521571406077782,0.08633921871906353
Heterotheca_subaxillaris,Asteraceae,0.883333333333334,0.00883333333333334,-4.720350256154471,0.489286856411898,0.489286856411898,-0.04285913382852493
Heterotis_rotundifolia,Melastomataceae,31.7666666666667,0.317666666666667,-0.764515682007086,0.21075284116172,0.21075284116172,-1.3203934496213305
Hieracium_pilosella,Asteraceae,2.455208333333333,0.024552083333333332,-3.6821000557462966,0.6011285128579756,0.6011285128579756,0.4101694657416672
Hulteniella_integrifolia,Asteraceae,0.00833333333333332,8.33333333333332e-5,-9.39257859196439,1,0.99,4.595119850134589
Hydrocotyle_maritima,Araliaceae,4.71666666666667,0.0471666666666666,-3.005752573620735,0.852847816973112,0.852847816973112,1.7571138124448116
Hypericum_maculatum,Hypericaceae,4.253688524590163,0.04253688524590163,-3.1139156101906775,0.5665195598805153,0.5665195598805153,0.26766493309239203
Hypochaeris_chillensis,Asteraceae,5.45731707317073,0.0545731707317073,-2.852094113259694,0.597186012828471,0.597186012828471,0.39375375904267823
Hypochaeris_radicata,Asteraceae,3.66439393939394,0.0366439393939394,-3.269175034248091,0.6883128978515101,0.6883128978515101,0.7922437210730574
Hyptis_suaveolens,Lamiaceae,3.65833333333333,0.0365833333333333,-3.2708932306001515,0.58596193197174,0.58596193197174,0.34729690360420173
Ilex_aquifolium,Aquifoliaceae,47.9950281977833,0.479950281977833,-0.080241899261676,0.192789053878224,0.192789053878224,-1.4319884234800409
Impatiens_capensis,Balsaminaceae,9.72732061220434,0.09727320612204343,-2.227896376397884,0.5491673784064187,0.5491673784064187,0.19730713041273654
Impatiens_parviflora,Balsaminaceae,5.395545977011495,0.053955459770114955,-2.8641307634970476,0.556553198823466,0.556553198823466,0.22718491921330802
Imperata_cylindrica,Poaceae,6.625,0.06625,-2.6457732715806954,0.602899477667628,0.602899477667628,0.4175610256247853
Indigofera_hirsuta,Fabaceae,12.1,0.121,-1.9829943520884359,0.719778680487465,0.719778680487465,0.9433640587678466
Ipomoea_batatas,Convolvulaceae,5.43333333333333,0.0543333333333333,-2.8567522340020894,0.536861807216389,0.536861807216389,0.14771523706234155
Ipomoea_nil,Convolvulaceae,16.2857142857143,0.162857142857143,-1.637121341182516,0.574454428754815,0.574454428754815,0.3000487280889975
Iris_atrofusca,Iridaceae,2.28205128205128,0.0228205128205128,-3.7570105311417215,0.593435836782969,0.593435836782969,0.3781873386956677
Iris_atropurpurea,Iridaceae,1.1085526315789476,0.011085526315789476,-4.490967528374076,0.470938961881759,0.470938961881759,-0.1163753161576708
Iris_haynei,Iridaceae,6.86363636363636,0.0686363636363636,-2.607827311423976,0.737650233014472,0.737650233014472,1.033791171300489
Iris_petrana,Iridaceae,0.208333333333333,0.00208333333333333,-6.171700597410917,0.738305084745765,0.738305084745765,1.0371777534681412
Jacobaea_vulgaris,Asteraceae,1.14666666666667,0.0114666666666667,-4.456778087457167,0.556020890815926,0.556020890815926,0.22502835701660553
Jessea_multivenia,Asteraceae,4.38333333333333,0.0438333333333333,-3.0825376724241074,0.653412386414902,0.653412386414902,0.6340728161237793
Juglans_nigra,Juglandaceae,5.77377632168459,0.05773776321684586,-2.7923721842314273,0.41854807212907397,0.41854807212907397,-0.3287365483352046
Jungia_ferruginea,Asteraceae,9.89166666666666,0.0989166666666666,-2.20931999833587,0.43049705139006,0.43049705139006,-0.2798234858392555
Kalimeris_integrifolia,Asteraceae,2.15,0.0215,-3.817967851702514,0.445802128498228,0.445802128498228,-0.2176465962544828
Kielmeyera_petiolaris,Calophyllaceae,2.73738095238095,0.0273738095238095,-3.570413126442737,0.517345988455102,0.517345988455102,0.06941180923688473
Kuhnia_eupatorioides,Asteraceae,3.45833333333333,0.0345833333333333,-3.3291879166357794,0.512191137431082,0.512191137431082,0.04877421660503056
Lactuca_sibirica,Asteraceae,1.79666666666667,0.0179666666666667,-4.001107062862823,0.902864689789632,0.902864689789632,2.2294677399088925
Landolphia_dulcis,Apocynaceae,3.58333333333333,0.0358333333333333,-3.292385611500115,0.794087504927081,0.794087504927081,1.3497423655463705
Lantana_camara,Verbenaceae,1.8203409090909113,0.018203409090909114,-3.9877752601021674,0.5065013565516523,0.5065013565516523,0.026006891939186372
Lathyrus_quinquenervius,Fabaceae,1.46666666666667,0.0146666666666667,-4.207402648149829,0.620377503852082,0.620377503852082,0.4911508421784867
Latrobea_pinnaculum,Fabaceae,32.4809923848667,0.324809923848667,-0.731754083988535,0.367030320075191,0.367030320075191,-0.5449780613332913
Laurus_nobilis,Lauraceae,4.14333333333334,0.0414333333333333,-3.1413534033396346,0.472326383680817,0.472326383680817,-0.11080770419647486
Lepidium_draba,Brassicaceae,5.870833333333338,0.05870833333333336,-2.7746713639585416,0.48469750136428436,0.48469750136428436,-0.061229116394503444
Lespedeza_hirta,Fabaceae,9.63333333333334,0.0963333333333334,-2.2386461613862325,0.515512286669405,0.515512286669405,0.06206906611672304
Lespedeza_pilosa,Fabaceae,7.79166666666667,0.0779166666666667,-2.4709957231964625,0.42989214175655,0.42989214175655,-0.28229122381689853
Leucanthemum_vulgare,Asteraceae,7.71666666666667,0.0771666666666666,-2.481481062736734,0.480250393527841,0.480250393527841,-0.07903954851829606
Liquidambar_styraciflua,Altingiaceae,0.999999999999998,0.00999999999999998,-4.595119850134592,0.593833882966487,0.593833882966487,0.37983739076988704
Liriodendron_tulipifera,Magnoliaceae,4.314166666666665,0.04314166666666665,-3.0991660743306912,0.733812988418557,0.733812988418557,1.0140550991654773
Loasa_insons,Loasaceae,8.93333333333333,0.0893333333333333,-2.3218022401798244,0.788009107007339,0.788009107007339,1.312966330739487
Lobelia_polyphylla,Campanulaceae,2.88448275862069,0.0288448275862069,-3.5165555718944934,0.608099747276141,0.608099747276141,0.4393315764564836
Lomaridium_plumieri,Blechnaceae,2.58333333333333,0.0258333333333333,-3.6299167569869235,0.156369600874795,0.156369600874795,-1.685492041543308
Lomelosia_prolifera,Caprifoliaceae,16.8133333333333,0.168133333333333,-1.598914856145869,0.397018105082059,0.397018105082059,-0.4179052868766908
Lupinus_arboreus,Fabaceae,44.8793103448276,0.448793103448276,-0.20554824406527564,0.333926441150899,0.333926441150899,-0.6904793805177302
Lupinus_argenteus,Fabaceae,6.53333333333333,0.0653333333333334,-2.6606875889239623,0.648838845883181,0.648838845883181,0.6139391278050756
Lupinus_perennis,Fabaceae,7.775984899651006,0.07775984899651006,-2.473180438873668,0.551423802332585,0.551423802332585,0.2064251032133852
Lupinus_pilosus,Fabaceae,6.73333333333333,0.0673333333333333,-2.6283924578242224,0.390753482127875,0.390753482127875,-0.44414609639786456
Lupinus_polyphyllus,Fabaceae,2.9,0.029,-3.5110306383048506,0.469121371517632,0.469121371517632,-0.12367190066862876
Lupinus_sericeus,Fabaceae,1.48275862068966,0.0148275862068966,-4.196327286537207,0.39983680130559,0.39983680130559,-0.40614514893681813
Lupinus_texensis,Fabaceae,0.45,0.0045,-5.399167726727977,0.539861895794101,0.539861895794101,0.15978668736090948
Lycopus_uniflorus,Lamiaceae,9.19521857934426,0.0919521857934426,-2.2900283137211765,0.61849282166262,0.61849282166262,0.4831559190875522
Lysimachia_borealis,Primulaceae,2.59166666666667,0.0259166666666667,-3.626610595428535,0.739822333642163,0.739822333642163,1.0450453379033744
Lythrum_salicaria,Lythraceae,10.4833333333333,0.104833333333333,-2.1446381332050226,0.394896391905366,0.394896391905366,-0.42677626489672116
Madhuca_longifolia,Sapotaceae,7.50412222231667,0.0750412222231667,-2.511711579766325,0.168188061057042,0.168188061057042,-1.5985236159634302
Maianthemum_canadense,Asparagaceae,6.364285714285713,0.06364285714285713,-2.6887098687270004,0.86571106334728265,0.86571106334728265,1.863557485524159
Maianthemum_paniculatum,Asparagaceae,15.625,0.15625,-1.6863989535702288,0.484040677966103,0.484040677966103,-0.06385898053688921
Maianthemum_racemosum,Asparagaceae,3.725,0.03725,-3.25214182786945,0.572972358093506,0.572972358093506,0.2939887285992016
Marsilea_minuta,Marsileaceae,5.275,0.05275,-2.8879992775425345,0.753179639596222,0.753179639596222,1.1156429783358834
Maytenus_boaria,Celastraceae,8.2,0.082,-2.4154781433562373,0.513779798814939,0.513779798814939,0.05513315654297126
Medicago_polymorpha,Fabaceae,12.3,0.123,-1.9643226369997655,0.571195627210511,0.571195627210511,0.2867309481110112
Melampyrum_pratense,Orobanchaceae,1.58333333333333,0.0158333333333333,-4.129677837030924,0.512756467439787,0.512756467439787,0.05103694516526944
Melanthera_scandens,Asteraceae,1.23333333333333,0.0123333333333333,-4.383039634929344,0.732478240952819,0.732478240952819,1.0072327300057362
Melhania_ovata,Malvaceae,2.69827586206896,0.0269827586206896,-3.585203709415475,0.668292136091027,0.668292136091027,0.7004707538459802
Melilotus_albus,Fabaceae,6.47457627118644,0.0647457627118644,-2.6703501461706565,0.431892038274056,0.431892038274056,-0.27413582851224505
Meniscium_macrophyllum,Thelypteridaceae,6.575,0.06575,-2.6538843973077193,0.577753431720051,0.577753431720051,0.3135577605063362
Mentzelia_laevicaulis,Loasaceae,1.66666666666667,0.0166666666666667,-4.077537443905717,0.667796610169493,0.667796610169493,0.6982362500674232
Miconia_albicans,Melastomataceae,10.4866666666667,0.104866666666667,-2.1442829810144266,0.417182971112094,0.417182971112094,-0.33434838777957576
Microstachys_serrulata,Euphorbiaceae,1.00534482758621,0.0100534482758621,-4.5897352658320925,0.77279332785746,0.77279332785746,1.2241515958958593
Mimosa_albida,Fabaceae,16.2,0.162,-1.643421765249699,0.257271395689476,0.257271395689476,-1.060199165823187
Mimosa_tenuiflora,Fabaceae,17.382577442017,0.17382577442017,-1.5587521769845663,0.576064612571208,0.576064612571208,0.3066387735275187
Mimulus_guttatus,Phrymaceae,13.133333333333301,0.131333333333333,-1.8892208483868596,0.525380710659898,0.525380710659898,0.10161017641078043
Mimulus_verbanaceus,Phrymaceae,0.742857142857142,0.00742857142857142,-4.894965408779569,0.572398190045249,0.572398190045249,0.29164247366787815
Mitchella_repens,Rubiaceae,2.05,0.0205,-3.866617351240233,0.634559735427865,0.634559735427865,0.551828597383664
Mitella_diphylla,Saxifragaceae,3.675,0.03675,-3.2661747578474216,0.872862139205968,0.872862139205968,1.9265056114520396
Monarda_fistulosa,Lamiaceae,8.496813139943399,0.08496813139943399,-2.3766826322647274,0.42545625491191863,0.42545625491191863,-0.30041410495611476
Monarda_punctata,Lamiaceae,9.81827801382069,0.0981827801382069,-2.2175810158186104,0.484337576333133,0.484337576333133,-0.06267019832899887
Montigena_novae-zelandiae,Fabaceae,11.2843137254902,0.112843137254902,-2.0620231246292504,0.625994787141617,0.625994787141617,0.515072308374198
Morinda_pubescens,Rubiaceae,7.21627906976745,0.0721627906976745,-2.5539317476328915,0.454414314871937,0.454414314871937,-0.18285049953979338
Morus_alba,Moraceae,1.33333333333333,0.0133333333333333,-4.304065093204172,0.812711864406782,0.812711864406782,1.467728373365701
Munnozia_pinnatipartita,Asteraceae,15.8,0.158,-1.6731849812153599,0.373346206107417,0.373346206107417,-0.517888069612677
Myrica_faya,Myricaceae,2.7,0.027,-3.584547216181676,0.35655994978029,0.35655994978029,-0.5903264728513518
Myrrhidendron_donnell-smithii,Apiaceae,1.675,0.01675,-4.072465153040843,0.936082300362597,0.936082300362597,2.6841070876903284
Myrsine_guianensis,Primulaceae,5.59316666666667,0.0559316666666667,-2.826067842988122,0.352886719620038,0.352886719620038,-0.6063742669307255
Nabalus_altissimus,Asteraceae,2.30833333333333,0.0230833333333333,-3.745290496884491,0.704338248791534,0.704338248791534,0.8680426393004227
Nandina_domestica,Berberidaceae,4.69166666666667,0.0469166666666667,-3.011329364641526,0.632718186470785,0.632718186470785,0.543895682306073
Nectandra_lineata,Lauraceae,8.53333333333333,0.0853333333333333,-2.371994544366214,0.598616260593222,0.598616260593222,0.39970283357930275
Neoblechnum_brasiliense,Blechnaceae,1.475,0.01475,-4.201652333289284,0.466436847649144,0.466436847649144,-0.13445480109314945
Nephrophyllidium_crista-galli,Menyanthaceae,9.87096774193548,0.0987096774193548,-2.211644437864527,0.61111111111111,0.61111111111111,0.45198512374305283
Nicotiana_attenuata,Solanaceae,2.91666666666667,0.0291666666666667,-3.5051283045103863,0.555447941888622,0.555447941888622,0.222707726508889
Nothofagus_dombeyi,Nothofagaceae,14.975,0.14975,-1.7365631868917462,0.439366929817116,0.439366929817116,-0.24373173270306575
Oenothera_biennis,Onagraceae,28.3678571428571,0.283678571428571,-0.926287182352917,0.518122176059982,0.518122176059982,0.07252047095134677
Olea_europaea,Oleaceae,1.39239463604167,0.0139239463604167,-4.260123367506287,0.355069390012479,0.355069390012479,-0.5968294943952401
Olearia_paniculata,Asteraceae,1.71016666666667,0.0171016666666667,-4.051329765262586,0.385484063678115,0.385484063678115,-0.46633500968021097
Onoclea_sensibilis,Onocleaceae,15.4152542372881,0.154152542372881,-1.7023963861684668,0.520141798259747,0.520141798259747,0.08061081614587867
Opuntia_cespitosa,Cactaceae,0.133333333333333,0.00133333333333333,-6.618738983517222,0.985169491525427,0.985169491525427,4.196127256532266
Opuntia_engelmanii,Cactaceae,16.6333333333333,0.166333333333333,-1.6118398351261027,0.56088448082606,0.56088448082606,0.24475244770211618
Oreopanax_palamophyllus,Araliaceae,12.2666666666667,0.12266666666666701,-1.9674163542762737,0.497904384672072,0.497904384672072,-0.008382510395492445
Ouratea_spectabilis,Ochnaceae,2.91615079359833,0.0291615079359833,-3.5053105046200437,0.464909854908162,0.464909854908162,-0.14059170181955408
Oxalis_stricta,Oxalidaceae,22.7416666666667,0.227416666666667,-1.222956006898642,0.544217475824634,0.544217475824634,0.17733316362147664
Palicourea_padifolia,Rubiaceae,16.1,0.161,-1.6508063414827432,0.206969154647858,0.206969154647858,-1.3432923471185807
Palicourea_rigida,Rubiaceae,6.54366666666667,0.0654366666666667,-2.6589966432746603,0.59843347041043,0.59843347041043,0.3989421360197019
Palicourea_sp,Rubiaceae,14.3666666666667,0.143666666666667,-1.7851639070061331,0.283809823429943,0.283809823429943,-0.9256413633823956
Panax_trifolius,Araliaceae,12.295075757575749,0.1229507575757575,-1.9647792092117995,0.6668309724732651,0.6668309724732651,0.6938866478474065
Pascopyrum_smithii,Poaceae,11.075,0.11075,-2.0831030019033197,0.551057887286224,0.551057887286224,0.2049459077132504
Pasithea_caerulea,Asphodelaceae,4.95416666666667,0.049541666666666706,-2.954130258047556,0.7379010748817265,0.7379010748817265,1.0350877614557228
Passiflora_apetala,Passifloraceae,16.2083333333333,0.162083333333333,-1.642808046154208,0.596723454315718,0.596723454315718,0.3918312362827463
Passiflora_incarnata,Passifloraceae,18.278195488721835,0.18278195488721838,-1.4976120052470614,0.6173805624258025,0.6173805624258025,0.4784447689999999
Passiflora_lutea,Passifloraceae,16.244988306047425,0.16244988306047425,-1.6401115607651273,0.6935567587539435,0.6935567587539435,0.8168005256280993
Pastinaca_sativa,Apiaceae,3.90677966101695,0.0390677966101695,-3.202605346975191,0.838581793701845,0.838581793701845,1.647713572335495
Paulownia_tomentosa,Paulowniaceae,20.96046875,0.2096046875,-1.3273098996510408,0.428295730069158,0.428295730069158,-0.2888079319876554
Pediomelum_tenuiflorum,Fabaceae,0.9046271929824565,0.009046271929824566,-4.6963151096958216,0.85411420669093,0.85411420669093,1.7672408383437743
Pentaglottis_sempervirens,Boraginaceae,6.25,0.0625,-2.70805020110221,0.560497175141245,0.560497175141245,0.24318005806676668
Persicaria_virginiana,Polygonaceae,3.11333333333333,0.0311333333333333,-3.437847946957274,0.505825137008676,0.505825137008676,0.023301602306361604
Persoonia_micranthera,Proteaceae,2.93333333333333,0.0293333333333333,-3.499258594838371,0.529083204930664,0.529083204930664,0.11646428418630703
Phaseolus_lunatus,Fabaceae,6.18333333333333,0.0618333333333333,-2.719485022856592,0.469368175796063,0.469368175796063,-0.1226809341772921
Phillyrea_angustifolia,Oleaceae,16.8666666666667,0.168666666666667,-1.595106456952514,0.342031218597174,0.342031218597174,-0.6542554701787334
Phormium_tenax,Asphodelaceae,1.00833333333333,0.0100833333333333,-4.586736868692802,0.785404118223843,0.785404118223843,1.2974417458231489
Physalis_heterophylla,Solanaceae,7.01470588235294,0.0701470588235294,-2.584432567170272,0.487453147830506,0.487453147830506,-0.05019794689643853
Physalis_longifolia,Solanaceae,19.5967741935484,0.195967741935484,-1.411689326621289,0.281090197665789,0.281090197665789,-0.9390602951189139
Phytolacca_americana,Phytolaccaceae,7.71969696969697,0.0771969696969697,-2.4810556064772342,0.566301804182078,0.566301804182078,0.2667782681713373
Phytolacca_rivinoides,Phytolaccaceae,36.4583333333333,0.364583333333333,-0.555525802683899,0.209995157384989,0.209995157384989,-1.3249546049545984
Picea_rubens,Pinaceae,0.15,0.0015,-6.500789044747705,0.932203389830511,0.932203389830511,2.62103882411262
Pilea_pumila,Urticaceae,2.98026315789473,0.0298026315789473,-3.4829028257679093,0.768359087564388,0.768359087564388,1.1990688044332172
Pilea_vulcanica,Urticaceae,6.45,0.0645,-2.6744159219124173,0.524635396137171,0.524635396137171,0.09862144110798543
Pinus_contorta,Pinaceae,4.05,0.0405,-3.1651103413352613,0.68431331519844,0.68431331519844,0.773665657969919
Piper_auritum,Piperaceae,13.6833333333333,0.136833333333333,-1.8418441569714659,0.332851627820559,0.332851627820559,-0.6953156396358541
Piper_kelleyi,Piperaceae,14.133333333333301,0.141333333333333,-1.8042596319922892,0.553285897025905,0.553285897025905,0.2139560614149389
Piper_tridentipilum,Piperaceae,13.1541666666667,0.131541666666667,-1.8873959508836762,0.353183401963891,0.353183401963891,-0.6050753148303866
Piper_umbellatum,Piperaceae,6.59166666666667,0.0659166666666667,-2.651174338253441,0.75495510938739,0.75495510938739,1.1252168689653381
Pittosporum_tenuifolium,Pittosporaceae,1.82,0.0182,-3.9879660275412023,0.505960141553363,0.505960141553363,0.023841695503444067
Plagianthus_regius,Malvaceae,0.424242424242424,0.00424242424242424,-5.458368968981955,0.213186813186813,0.213186813186813,-1.3058220078973186
Plantago_asiatica,Plantaginaceae,4.775757575757575,0.04775757575757575,-2.992681940736368,0.603933668325878,0.603933668325878,0.42188266979677114
Plantago_depressa,Plantaginaceae,1.16666666666667,0.0116666666666667,-4.43928424994241,0.886198547215499,0.886198547215499,2.052485731691333
Plantago_hispidula,Plantaginaceae,3.1,0.031,-3.4422774074056197,0.833479132494991,0.833479132494991,1.610488033950912
Plantago_lanceolata,Plantaginaceae,6.016838679953179,0.06016838679953179,-2.748553646162302,0.5028193946775987,0.5028193946775987,0.011277698239767492
Plantago_major,Plantaginaceae,9.00137405946306,0.09001374059463059,-2.313467167891797,0.5548052573859473,0.5548052573859473,0.22010535428943684
Plantago_rugelii,Plantaginaceae,11.898541090879325,0.11898541090879325,-2.0020732973032147,0.44157336406769643,0.44157336406769643,-0.23477907449430319
Platanthera_clavellata,Orchidaceae,7.55409335377766,0.0755409335377766,-2.50453409804116,0.901155946416409,0.901155946416409,2.210134932265135
Pleioblastus_chino,Poaceae,5.91666666666667,0.0591666666666667,-2.766407687108346,0.541990928622585,0.541990928622585,0.16836027402193937
Pleroma_candolleanum,Melastomataceae,2.33333333333333,0.0233333333333333,-3.7342624599617555,0.412082324455207,0.412082324455207,-0.355363784492076
Podophyllum_peltatum,Berberidaceae,1.47543859649123,0.0147543859649123,-4.201350572300403,0.7913347496747796,0.7913347496747796,1.332989781486251
Polyalthia_longifolia,Annonaceae,0.603755555561667,0.00603755555561667,-5.103700202998886,0.124168809051169,0.124168809051169,-1.9535313648641732
Polygonatum_biflorum,Asparagaceae,2.14166666666667,0.0214166666666667,-3.82193651246986,0.852271977840799,0.852271977840799,1.7525328036761243
Populus_tremuloides,Salicaceae,0.03280468486626357,3.2804684866263563e-4,-8.022026027823223,0.9388698522926997,0.9388698522926997,2.7316717068254515
Potentilla_erecta,Rosaceae,4.04195909564015,0.04041959095640152,-3.16718152291178,0.5396398919780815,0.5396398919780815,0.1588930236496732
Potentilla_gracilis,Rosaceae,0.366666666666666,0.00366666666666666,-5.604798889485569,0.87365177195686,0.87365177195686,1.9336400564635283
Potentilla_recta,Rosaceae,0.362068965517241,0.00362068965517241,-5.617463498594356,0.928153717627404,0.928153717627404,2.558668493386154
Potentilla_simplex,Rosaceae,13.5924242424242,0.135924242424242,-1.8495627578066751,0.555775447381733,0.555775447381733,0.2240341573324144
Pouzolzia_guineensis,Urticaceae,27.44166666666665,0.27441666666666653,-0.972328296452252,0.446618596674898,0.446618596674898,-0.21434248328738795
Prosopis_velutina,Fabaceae,29.3466666666667,0.293466666666667,-0.8786063209662989,0.429881070101826,0.429881070101826,-0.2823363987351556
Proustia_cuneifolia,Asteraceae,3.34666666666667,0.0334666666666667,-3.363165868169093,0.50153622796948,0.50153622796948,0.006144931213989508
Psoralea_corylifolium,Fabaceae,24.725,0.24725,-1.1133331968590219,0.356172130726124,0.356172130726124,-0.5920172793686904
Psychotria_aubletiana,Rubiaceae,6.10833333333333,0.0610833333333333,-2.732487676277515,0.374846810183366,0.374846810183366,-0.5114792870786686
Ptelea_trifoliata,Rutaceae,32.225,0.32225,-0.7434508465594784,0.395265457828739,0.395265457828739,-0.4252320041550781
Pulicaria_dysenterica,Asteraceae,2.575,0.02575,-3.6332333171090734,0.769294059568869,0.769294059568869,1.2043293741282675
Quercus_alba,Fagaceae,6.021951219512195,0.06021951219512195,-2.747649901740462,0.419262805491845,0.419262805491845,-0.32580037744035023
Quercus_garryana,Fagaceae,28,0.28,-0.9444616088408512,0.247780468119452,0.247780468119452,-1.1104850670983895
Quercus_insignis,Fagaceae,14.6583333333333,0.146583333333333,-1.7616538053378819,0.433287403281912,0.433287403281912,-0.2684510343859307
Quercus_robur,Fagaceae,2.678598484848485,0.02678598484848485,-3.592725214592457,0.449217582894029,0.449217582894029,-0.20383247909633886
Ranunculus_haastii,Ranunculaceae,15.7627118644068,0.157627118644068,-1.6759905329433713,0.550315164998145,0.550315164998145,0.20194417064792178
Ranunculus_paucifolius,Ranunculaceae,1.82258064516129,0.0182258064516129,-3.986522809781584,0.893660235021034,0.893660235021034,2.1286863546408945
Raphanus_raphanistrum,Brassicaceae,10.8,0.108,-2.1113349054557897,0.362535612535613,0.362535612535613,-0.5643757017243306
Ratibida_pinnata,Asteraceae,3.72950819672131,0.0372950819672131,-3.250885478142063,0.54937728937729,0.54937728937729,0.19815500809302378
Rhinanthus_minor,Orobanchaceae,3.78571428571429,0.0378571428571429,-3.235343262858241,0.774982529699511,0.774982529699511,1.2366624418059597
Rhus_copallinum,Anacardiaceae,10.2272727272727,0.102272727272727,-2.172223275130805,0.374586894586894,0.374586894586894,-0.5125885957415043
Ricinus_communis,Euphorbiaceae,2.275,0.02275,-3.7601773592761045,0.876823741230524,0.876823741230524,1.9626896652242742
Rosmarinus_officinalis,Lamiaceae,1.1271186440678,0.011271186440678,-4.474170494602101,0.759398496240599,0.759398496240599,1.149384614041519
Roystonea_regia,Arecaceae,1.00677777776,0.0100677777776,-4.58829647350327,0.246983252870753,0.246983252870753,-1.1147669359094576
Rubus_chamaemorus,Rosaceae,4.05833333333333,0.0405833333333333,-3.1629679875910757,0.486722583788676,0.486722583788676,-0.05312215371797129
Rubus_fruticosus,Rosaceae,5.15833333333333,0.0515833333333333,-2.911595304597294,0.543002656006135,0.543002656006135,0.1724366322299552
Rudbeckia_hirta,Asteraceae,16.069047619047634,0.16069047619047633,-1.6530995518889466,0.4697949401362177,0.4697949401362177,-0.12096753520482964
Rudbeckia_laciniata,Asteraceae,4,0.04,-3.1780538303479453,0.356920903954803,0.356920903954803,-0.5887535279465845
Rudbeckia_triloba,Asteraceae,3.41666666666667,0.0341666666666667,-3.3417407766354428,0.531939605110337,0.531939605110337,0.12793262216750262
Ruellia_nudiflora,Acanthaceae,6.486979166666667,0.06486979166666666,-2.668303724173934,0.4868061994929137,0.4868061994929137,-0.05278745636933324
Ruellia_tuberosa,Acanthaceae,13.6916666666667,0.136916666666667,-1.841138780551608,0.480136583554269,0.480136583554269,-0.0794955038959066
Rumex_acetosa,Polygonaceae,5.15,0.0515,-2.9132999817053786,0.569140475015086,0.569140475015086,0.2783451753065657
Rumex_crispus,Polygonaceae,7.347788665254235,0.07347788665254235,-2.5344534139773125,0.5901491596757715,0.5901491596757715,0.36458202853937915
Rumex_japonicus,Polygonaceae,7.350062851019825,0.07350062851019824,-2.5341194100133704,0.37585211453863726,0.37585211453863726,-0.507191582596954
Rumex_obtusifolius,Polygonaceae,5.964444444444443,0.05964444444444444,-2.757857046015093,0.5783129563553984,0.5783129563553984,0.31585173294974755
Rumex_sanguineus,Polygonaceae,6.11538461538462,0.0611538461538462,-2.731258868172728,0.274139844617092,0.274139844617092,-0.9737190148292222
Sagittaria_cuneata,Alismataceae,6.35166666666667,0.0635166666666667,-2.6908293863130295,0.867715666958717,0.867715666958717,1.8809104442047475
Salix_arctica,Salicaceae,4.70833333333333,0.0470833333333333,-3.0076083753104412,0.652113394330285,0.652113394330285,0.628341883590689
Salix_herbacea,Salicaceae,10.5166666666667,0.105166666666667,-2.1410910878813527,0.684869322302508,0.684869322302508,0.7762406470694028
Salix_reticulata,Salicaceae,1.3859649122807,0.013859649122807,-4.2648170105350545,0.952983725135628,0.952983725135628,3.0091040105199727
Salpichroa_origanifolia,Solanaceae,3.98,0.0398,-3.183274683806448,0.6301564318769,0.6301564318769,0.5328879657482336
Salvia_pratensis,Lamiaceae,7.35185185185185,0.0735185185185185,-2.533856730801015,0.342189059455348,0.342189059455348,-0.6535541758925599
Salvia_sclarea,Lamiaceae,0.203333333333333,0.00203333333333333,-6.196043393108912,0.80244512364546,0.80244512364546,1.401647070209494
Sanguinaria_canadensis,Papaveraceae,2.833333333333335,0.02833333333333335,-3.5349738422942756,0.7408989450404635,0.7408989450404635,1.0506460803417987
Sanicula_liberta,Apiaceae,1.875,0.01875,-3.9576335166801986,0.963088512241058,0.963088512241058,3.261622496620709
Sarracenia_purpurea,Sarraceniaceae,1.970833333333335,0.01970833333333335,-3.9068085882884853,0.4964244369014985,0.4964244369014985,-0.014302496200569519
Sassafras_albidum,Lauraceae,5.366666666666665,0.053666666666666654,-2.8698027914885085,0.725342325440981,0.725342325440981,0.9711182139886587
Schinus_patagonicus,Anacardiaceae,18.8666666666667,0.188666666666667,-1.4586971953442873,0.413786907827755,0.413786907827755,-0.3483322360737612
Senecio_brunonianus,Asteraceae,1.69666666666667,0.0169666666666667,-4.0593923944838055,0.643235323499053,0.643235323499053,0.5894342397653963
Senecio_crassulus,Asteraceae,0.916666666666667,0.00916666666666667,-4.682972623892411,0.795993836671805,0.795993836671805,1.361441237158846
Senecio_elegans,Asteraceae,3.07166666666666,0.0307166666666666,-3.4517515713639995,0.827068982958885,0.827068982958885,1.564995335487589
Senecio_madagascariensis,Asteraceae,24.5333333333333,0.245333333333333,-1.1236583205941992,0.376888356669124,0.376888356669124,-0.5027766980759746
Senecio_viscosus,Asteraceae,4.00833333333333,0.0400833333333333,-3.1758858548207463,0.712463441277003,0.712463441277003,0.9073785874091599
Senna_cumingii,Fabaceae,1.3969696969697,0.013969696969697,-4.25679660589666,0.569664608710161,0.569664608710161,0.28048289747303756
Senna_obtusifolia,Fabaceae,1.00833333333333,0.0100833333333333,-4.586736868692802,0.45118363916515,0.45118363916515,-0.19588944917328396
Senna_occidentalis,Fabaceae,36.3166666666667,0.363166666666667,-0.5616461125022785,0.355994430659377,0.355994430659377,-0.5927922875969798
Shorea_robusta,Dipterocarpaceae,13.2753341895678,0.132753341895678,-1.876830598242052,0.34785584958083,0.34785584958083,-0.6284774584728872
Sibbaldia_procumbens,Rosaceae,1.9555555555555533,0.019555555555555534,-3.9147465658951877,0.7351050635765817,0.7351050635765817,1.02068015159303
Sida_acuta,Malvaceae,27,0.27,-0.9946225751440619,0.273362628164889,0.273362628164889,-0.9776283302537774
Sisyrinchium_tinctorium,Iridaceae,3.75,0.0375,-3.245193133185574,0.759774011299437,0.759774011299437,1.1514409356266238
Smilax_febrifuga,Smilacaceae,4.3515625,0.043515625,-3.0901443841466314,0.886466615371463,0.886466615371463,2.055146534521901
Smilax_hispida,Smilacaceae,7.025,0.07025,-2.5828554245913242,0.60930494400547,0.60930494400547,0.44439152370338203
Solanum_carolinense,Solanaceae,6.51238574918202,0.0651238574918202,-2.6641230960004854,0.4828085692990403,0.4828085692990403,-0.06879283988809858
Solanum_cinereum,Solanaceae,0.660000000001334,0.00660000000001333,-5.014063753638837,0.755149088485232,0.755149088485232,1.1262656970580367
Solanum_donianum,Solanaceae,5.680555555555566,0.056805555555555665,-2.809638329070988,0.29862783783582836,0.29862783783582836,-0.8538405393504346
Solanum_dulcamara,Solanaceae,33.3333333333333,0.333333333333333,-0.6931471805599467,0.354661016949153,0.354661016949153,-0.5986132824056847
Solanum_elaeagnifolium,Solanaceae,20.173381118616305,0.20173381118616307,-1.3754930497914792,0.327108392164114,0.327108392164114,-0.7212926680004199
Solanum_incanum,Solanaceae,3.89166666666667,0.0389166666666667,-3.2066385125570407,0.692665045548581,0.692665045548581,0.8126083329245833
Solanum_lycocarpum,Solanaceae,6.54344655410789,0.0654344655410789,-2.659032636578219,0.258881302341003,0.258881302341003,-1.051791133710412
Solanum_nigrum,Solanaceae,24,0.24,-1.1526795099383855,0.317208097928438,0.317208097928438,-0.7666321121229618
Solanum_ptychanthum,Solanaceae,25.125,0.25125,-1.0919566900563737,0.311195435253114,0.311195435253114,-0.794536456205282
Solanum_sp,Solanaceae,2.81666666666667,0.0281666666666667,-3.5410450762990813,0.835322435061681,0.835322435061681,1.6238283899229826
Solanum_tridynamum,Solanaceae,6.046658873952857,0.060466588739528565,-2.7432924207815206,0.43000686154159,0.43000686154159,-0.2818231573301174
Solidago_altissima,Asteraceae,15.508218390804615,0.15508218390804615,-1.6952841683998934,0.3885964643564442,0.3885964643564442,-0.45321575381657203
Solidago_caesia,Asteraceae,11.3333333333333,0.113333333333333,-2.057135784165541,0.421261216350948,0.421261216350948,-0.31759811724413445
Solidago_canadensis,Asteraceae,2.10344827586207,0.0210344827586207,-3.8403332922996594,0.533372365339578,0.533372365339578,0.13368821846974147
Solidago_canadensis.altissima,Asteraceae,1.83064516129032,0.0183064516129032,-3.982025645928195,0.713439734238462,0.713439734238462,0.9121491026397045
Solidago_missouriensis,Asteraceae,2.80327868852459,0.0280327868852459,-3.545947287204708,0.622807017543861,0.622807017543861,0.501479761347759
Solidago_simplex,Asteraceae,5.48333333333334,0.0548333333333334,-2.847062997248655,0.669259698109322,0.669259698109322,0.7048386923117373
Solidago_speciosa,Asteraceae,2.05,0.0205,-3.866617351240233,0.61581920903955,0.61581920903955,0.4718401770530454
Solidago_virgaurea,Asteraceae,10.1521739130435,0.101521739130435,-2.180429556842833,0.779300499643111,0.779300499643111,1.261594672634384
Sorbus_aucuparia,Rosaceae,1.17213114754098,0.0117213114754098,-4.434556052857407,0.408391608391609,0.408391608391609,-0.37061837677799364
Sphaeralcea_coccinea,Malvaceae,3.60833333333333,0.0360833333333333,-3.2851737672929127,0.55955689513446,0.55955689513446,0.23936393514667273
Stachys_grandidentata,Lamiaceae,6.25,0.0625,-2.70805020110221,0.445875706214691,0.445875706214691,-0.21734879103347968
Stellaria_roughii,Caryophyllaceae,10.703125,0.10703125,-2.1214307379666857,0.674782199199435,0.674782199199435,0.729894856766666
Swietenia_macrophylla,Meliaceae,10.6662014435518,0.106662014435518,-2.125299901037171,0.261402551803588,0.261402551803588,-1.038691484286237
Symphoricarpos_albus,Caprifoliaceae,8.509542074005,0.08509542074005,-2.3750465510843513,0.577672048439674,0.577672048439674,0.31322416878208786
Symphyotrichum_cordifolium,Asteraceae,13.05,0.1305,-1.8965451070315895,0.514470636621427,0.514470636621427,0.05789871536711814
Symphyotrichum_novae-angliae,Asteraceae,4.075,0.04075,-3.15869588944019,0.561124397767843,0.561124397767843,0.24572661713743923
Symphyotrichum_novi-belgii,Asteraceae,4.14166666666667,0.0414166666666667,-3.1417731237993807,0.436960747536065,0.436960747536065,-0.25350597740459263
Tacinga_palmadora,Cactaceae,9.975,0.09975,-2.2000054467590116,0.430242272347536,0.430242272347536,-0.28086275717972403
Talipariti_pernambucensis,Malvaceae,4.88135593220339,0.0488135593220339,-2.9697019610864057,0.579920977011493,0.579920977011493,0.32244900417409117
Taraxacum_ceratophorum,Asteraceae,2.50833333333334,0.0250833333333333,-3.660148382298727,0.807669350751734,0.807669350751734,1.4349367330403544
Taraxacum_mongolicum,Asteraceae,4.81666666666667,0.0481666666666667,-2.98372273055243,0.618438801243331,0.618438801243331,0.48292698587958716
Taraxacum_officinale,Asteraceae,5.4658218336257365,0.054658218336257364,-2.850446951240108,0.625742933428003,0.625742933428003,0.5139967322070992
Thalictrum_alpinum,Ranunculaceae,2.5202364680153075,0.025202364680153078,-3.6552920693085107,0.8134688313650237,0.8134688313650237,1.4727092625158456
Thymus_vulgaris,Lamiaceae,0.732758620689655,0.00732758620689656,-4.908754555764468,0.782868937048505,0.782868937048505,1.282464148391252
Tibouchina_clavata,Melastomataceae,1.24576271186441,0.0124576271186441,-4.372886349794524,0.467980295566501,0.467980295566501,-0.12825433552368476
Tilia_americana,Malvaceae,7.63636363636364,0.0763636363636364,-2.492811829295113,0.548456790123457,0.548456790123457,0.1944374271345281
Tradescantia_fluminensis,Commelinaceae,5.86290322580645,0.0586290322580645,-2.7761072841191443,0.662254492975849,0.662254492975849,0.6733572384550378
Tradescantia_ohiensis,Commelinaceae,0.7054824561403534,0.007054824561403534,-4.946963733757669,0.6715201372957875,0.6715201372957875,0.7150684687430211
Tradescantia_zanonia,Commelinaceae,7.203125,0.07203125,-2.5558980050192117,0.370106393967565,0.370106393967565,-0.5317604102432476
Tragopogon_dubius,Asteraceae,5.94166666666667,0.0594166666666667,-2.76192547954133,0.715834264387765,0.715834264387765,0.9238910218012547
Trembleya_laniflora,Melastomataceae,3.34843859649123,0.0334843859649123,-3.3626182141759657,0.278042846439482,0.278042846439482,-0.9541905673350896
Triclisia_gilletii,Menispermaceae,28.5833333333333,0.285833333333333,-0.9157074714318416,0.526392251815982,0.526392251815982,0.10566721708639766
Tridax_procumbens,Asteraceae,1.725,0.01725,-4.042542620824601,0.523687873577337,0.523687873577337,0.09482247861792834
Trifolium_pratense,Fabaceae,0.852272727272728,0.00852272727272728,-4.756459633534316,0.384186046511628,0.384186046511628,-0.47181796297597495
Trifolium_repens,Fabaceae,6.287222222222233,0.06287222222222233,-2.7017151938917223,0.635930765474485,0.635930765474485,0.557745643807131
Turnera_subulata,Passifloraceae,19.8333333333333,0.198333333333333,-1.396743776994234,0.475616009115512,0.475616009115512,-0.0976133978483562
Tussilago_farfara,Asteraceae,3.375,0.03375,-3.354442182583093,0.80514752040176,0.80514752040176,1.4187827584057133
Typha_latifolia,Typhaceae,0.466666666666667,0.00466666666666667,-5.362632648483877,0.633171912832932,0.633171912832932,0.5458486585555631
Urena_lobata,Malvaceae,4.63333333333333,0.0463333333333333,-3.024452559919419,0.605840751127913,0.605840751127913,0.42986215202541306
Urera_baccifera,Urticaceae,4.08620689655172,0.0408620689655172,-3.155832668940163,0.53038714930787,0.53038714930787,0.12169857694759305
Urtica_dioica,Urticaceae,8.050179211469546,0.08050179211469546,-2.4355486485614057,0.4716176534198833,0.4716176534198833,-0.11365156189387249
Valeriana_carnosa,Caprifoliaceae,7.91666666666667,0.0791666666666667,-2.4537237223513118,0.49206066012489,0.49206066012489,-0.031760028924784314
Vellozia_variabilis,Velloziaceae,3.07916666666667,0.0307916666666667,-3.4492354964617045,0.592715763399924,0.592715763399924,0.3752036526365063
Verbascum_lychnitis,Scrophulariaceae,11.4333333333333,0.114333333333333,-2.047222498593877,0.546671937540151,0.546671937540151,0.18723281087780067
Verbascum_thapsus,Scrophulariaceae,1.525,0.01525,-4.167808298797595,0.79994442900806,0.79994442900806,1.3859470786020884
Verbena_hastata,Verbenaceae,9.25833333333334,0.0925833333333334,-2.2824925947064303,0.329478710582924,0.329478710582924,-0.7105437131976367
Verbesina_encelioides,Asteraceae,0.2,0.002,-6.212606095751519,0.775423728813562,0.775423728813562,1.2391942392893147
Vernonia_baldwinii,Asteraceae,18.25,0.1825,-1.4995007297488623,0.395867192941724,0.395867192941724,-0.42271526935482817
Vernonia_gigantea,Asteraceae,14.9309523809524,0.149309523809524,-1.740026852397352,0.581890272413506,0.581890272413506,0.3305379903206073
Veronica_officinalis,Plantaginaceae,1.9526224222296302,0.0195262242222963,-3.916277505508198,0.6439246563912057,0.6439246563912057,0.5924393782686316
Viburnum_lantana,Adoxaceae,5.78571428571429,0.0578571428571429,-2.790179998044875,0.492684042066758,0.492684042066758,-0.02926592039474634
Vicia_sativa,Fabaceae,12.1328125,0.121328125,-1.9799128822553347,0.578307219002647,0.578307219002647,0.31582820643620363
Vicia_sepium,Fabaceae,2.65123346557333,0.0265123346557333,-3.603275070903278,0.514633036360655,0.514633036360655,0.05854886502198412
Vicia_villosa,Fabaceae,10.0833333333333,0.100833333333333,-2.187999419661397,0.221179436895924,0.221179436895924,-1.2588063729889847
Vincetoxicum_hirundinaria,Apocynaceae,0.7,0.007,-4.954820514989859,0.512510088781276,0.512510088781276,0.05005080095787996
Viola_pubescens,Violaceae,6.3941210441210465,0.06394121044121047,-2.6837142095187154,0.791649171561488,0.791649171561488,1.3348949944288975
Viscum_album,Santalaceae,1.75490196078431,0.0175490196078431,-4.025052364217576,0.650726256983241,0.650726256983241,0.6222330788951037
Vitis_aestivalis,Vitaceae,4.024905838041433,0.040249058380414336,-3.171587205674156,0.7278268100358634,0.7278268100358634,0.9836245301118322
Vriesea_platynema,Bromeliaceae,15.3333333333333,0.153333333333333,-1.7086928705294442,0.358879882092853,0.358879882092853,-0.580229088566035
Waltheria_indica,Malvaceae,7.804566854990587,0.07804566854990587,-2.4692015406957704,0.3761265783648433,0.3761265783648433,-0.5060217665237672
Wyethia_mollis,Asteraceae,4.22916666666667,0.0422916666666667,-3.11995321676444,0.4101316392401675,0.4101316392401675,-0.36342121516569903
Zanthoxylum_melanostictum,Rutaceae,3.71666666666667,0.0371666666666667,-3.2544680243211457,0.844341415216237,0.844341415216237,1.6908918834223412
Zea_mays,Poaceae,1.3025,0.013024999999999998,-4.327774122192611,0.7609175058802945,0.7609175058802945,1.1577162936689318
Zephyranthes_cisandina,Amaryllidaceae,4.25166666666667,0.0425166666666667,-3.1144121585432125,0.677042568882926,0.677042568882926,0.7402136273098627
Zizia_aurea,Apiaceae,2.7555555555555564,0.02755555555555557,-3.56360877849678,0.677026461292716,0.677026461292716,0.7401399618930061
Ziziphus_joazeiro,Rhamnaceae,20.1114343587447,0.201114343587447,-1.3793442072742896,0.45728211477335,0.45728211477335,-0.1712891171262559
Zoysia_japonica,Poaceae,0.666666666666666,0.00666666666666666,-5.00394630594546,0.872881355932206,0.872881355932206,1.9266787871274489
Zygophyllum_dumosum,Zygophyllaceae,32.6666666666667,0.326666666666666,-0.7233002187306359,0.331719128329299,0.331719128329299,-0.7004199398890196
